raw_variable,analytic_variable,raw_missing_fraction,invalid_or_out_of_range_fraction,usable_fraction_before_complete_case,retained_nonmissing_fraction,complete_case_pool_fraction,retained_rows,source_path,cache_used
_ageg5yr,age_group,0.0,0.020396197083112425,0.9796038029168875,0.9796038029168875,0.7293027686169495,324636,data/raw/Demo+Health data.xlsx,False
_sex,female,0.0,0.0,1.0,1.0,0.7293027686169495,324636,data/raw/Demo+Health data.xlsx,False
educa,education,1.1232623132014773e-05,0.005342235561586226,0.9946465318152818,0.9946465318152818,0.7293027686169495,324636,data/raw/Demo+Health data.xlsx,False
income3,income,0.02905205646864301,0.18671989432348157,0.7842280492078754,0.7842280492078754,0.7293027686169495,324636,data/raw/Demo+Health data.xlsx,False
_bmi5,bmi,0.1096438809162226,0.0016601816989117834,0.8886959373848656,0.8886959373848656,0.7293027686169495,324636,data/raw/Demo+Health data.xlsx,False
_totinda,active,0.0,0.0024554514166584295,0.9975445485833415,0.9975445485833415,0.7293027686169495,324636,data/raw/Demo+Health data.xlsx,False
diabete4,diabetes,6.7395738792088635e-06,0.002435232695020803,0.9975580277311,0.9975580277311,0.7293027686169495,324636,data/raw/Demo+Health data.xlsx,False
genhlth,general_health,6.7395738792088635e-06,0.002684596928551531,0.9973086634975693,0.9973086634975693,0.7293027686169495,324636,data/raw/Demo+Health data.xlsx,False
__sample__,complete_case_pool,,,,0.7293027686169495,0.7293027686169495,324636,data/raw/Demo+Health data.xlsx,False
